{
  "timelineObjects" : [ {
    "placeVisit" : {
      "location" : {
        "latitudeE7" : -50506269,
        "longitudeE7" : -427418148,
        "placeId" : "ChIJY8uFggU7jgcRhnKvuMyBbLs",
        "address" : "Vale Quem Tem\nTeresina - PI\nBrasil",
        "name" : "Vale Quem Tem",
        "locationConfidence" : 100.0
      },
      "duration" : {
        "startTimestampMs" : "1482279857869",
        "endTimestampMs" : "1482534211920"
      },
      "placeConfidence" : "USER_CONFIRMED",
      "visitConfidence" : 100,
      "otherCandidateLocations" : [ {
        "latitudeE7" : -50541529,
        "longitudeE7" : -427404690,
        "placeId" : "ChIJAfdmaA87jgcRCXJUt14vRoo",
        "name" : "Pizzaria Leste",
        "sourceInfo" : {
          "deviceTag" : 742189892
        },
        "locationConfidence" : 96.58053
      }, {
        "latitudeE7" : -50542919,
        "longitudeE7" : -427404639,
        "placeId" : "ChIJl5mxZw87jgcRLFYenMmPVEI",
        "name" : "Comercial O Duba",
        "locationConfidence" : 2.4801612
      }, {
        "latitudeE7" : -50540677,
        "longitudeE7" : -427402593,
        "placeId" : "ChIJKbhEaQ87jgcRcm-H5xyi9Lw",
        "name" : "Clovis Rock Bar",
        "locationConfidence" : 0.45454386
      }, {
        "latitudeE7" : -50549420,
        "longitudeE7" : -427402950,
        "placeId" : "ChIJW_NniwU7jgcRVBQNMUMGbmw",
        "name" : "Restaurante Recanto do Frango",
        "locationConfidence" : 0.11850366
      }, {
        "latitudeE7" : -50542190,
        "longitudeE7" : -427404749,
        "placeId" : "ChIJSUrXZw87jgcRH4vxZLp8j6o",
        "name" : "Drogaria A & G",
        "locationConfidence" : 0.062628224
      }, {
        "latitudeE7" : -50546470,
        "longitudeE7" : -427403450,
        "placeId" : "ChIJ-VaTYQ87jgcRDkOmMmbUH3I",
        "name" : "Clinic Fisio",
        "locationConfidence" : 0.055372957
      }, {
        "latitudeE7" : -50558124,
        "longitudeE7" : -427394465,
        "placeId" : "ChIJcdIXoAU7jgcRmrzgAsTUjzU",
        "name" : "Campo de Futebol",
        "locationConfidence" : 0.030809812
      }, {
        "latitudeE7" : -50544980,
        "longitudeE7" : -427403110,
        "placeId" : "ChIJCw5aYQ87jgcRknKwXU34LV8",
        "name" : "Frutaria & Mercearia São Francisco",
        "locationConfidence" : 0.028811842
      }, {
        "latitudeE7" : -50553240,
        "longitudeE7" : -427400056,
        "placeId" : "ChIJb7twkAU7jgcRHJz55jPTwMA",
        "name" : "Planalto Uruguai",
        "locationConfidence" : 0.025900697
      }, {
        "latitudeE7" : -50549830,
        "longitudeE7" : -427405130,
        "placeId" : "ChIJw8qXjAU7jgcR0z24aaeeTXo",
        "name" : "Tempero do Nordeste",
        "locationConfidence" : 0.025445309
      } ],
      "editConfirmationStatus" : "CONFIRMED"
    }
  }, {
    "activitySegment" : {
      "startLocation" : {
        "latitudeE7" : -50542968,
        "longitudeE7" : -427404792
      },
      "endLocation" : {
        "latitudeE7" : -50636919,
        "longitudeE7" : -427944463
      },
      "duration" : {
        "startTimestampMs" : "1482534211920",
        "endTimestampMs" : "1482549150776"
      },
      "distance" : 9068,
      "activityType" : "IN_PASSENGER_VEHICLE",
      "confidence" : "LOW",
      "activities" : [ {
        "activityType" : "IN_PASSENGER_VEHICLE",
        "probability" : 54.85687742809995
      }, {
        "activityType" : "WALKING",
        "probability" : 19.259770767525282
      }, {
        "activityType" : "MOTORCYCLING",
        "probability" : 17.61496992884891
      } ],
      "waypointPath" : {
        "waypoints" : [ {
          "latE7" : -50542988,
          "lngE7" : -427404403
        }, {
          "latE7" : -50637664,
          "lngE7" : -427944488
        } ]
      },
      "editConfirmationStatus" : "NOT_CONFIRMED"
    }
  }, {
    "placeVisit" : {
      "location" : {
        "latitudeE7" : -50636919,
        "longitudeE7" : -427944463,
        "placeId" : "ChIJA0HFwoQ5jgcRA93SxMWCZMY",
        "address" : "Av. Nossa Sra. de Fátima, 2727 - Sala 01 - Jóquei\nTeresina - PI\n64048-180\nBrasil",
        "name" : "Orelha de Van Gogh",
        "sourceInfo" : {
          "deviceTag" : 742189892
        },
        "locationConfidence" : 38.234005
      },
      "duration" : {
        "startTimestampMs" : "1482549150776",
        "endTimestampMs" : "1482550977329"
      },
      "placeConfidence" : "LOW_CONFIDENCE",
      "centerLatE7" : -50639100,
      "centerLngE7" : -427947500,
      "visitConfidence" : 26,
      "otherCandidateLocations" : [ {
        "latitudeE7" : -50643029,
        "longitudeE7" : -427941843,
        "placeId" : "ChIJJYz78445jgcRMgr2ua-rfQ8",
        "name" : "Seu Boteco - Teresina",
        "locationConfidence" : 9.814383
      }, {
        "latitudeE7" : -50653809,
        "longitudeE7" : -427938197,
        "placeId" : "ChIJQcQDEYU5jgcRWGJjTHCol20",
        "name" : "Bendito Boteco & Cervejaria",
        "locationConfidence" : 8.170607
      }, {
        "latitudeE7" : -50621172,
        "longitudeE7" : -427972663,
        "placeId" : "ChIJb5GhcZs5jgcRi2lt3Un5Bkg",
        "name" : "Espaço Cultural Noé Mendes",
        "locationConfidence" : 5.165392
      }, {
        "latitudeE7" : -50635616,
        "longitudeE7" : -427950075,
        "placeId" : "ChIJ7cq3fo45jgcRYFdWC-G6vE4",
        "name" : "Pizzaui",
        "locationConfidence" : 3.301837
      }, {
        "latitudeE7" : -50629501,
        "longitudeE7" : -427952441,
        "placeId" : "ChIJwZwcyoQ5jgcRnQ56ijF_BRA",
        "name" : "Maverick Pub Bar",
        "locationConfidence" : 2.792139
      }, {
        "latitudeE7" : -50645413,
        "longitudeE7" : -427943746,
        "placeId" : "ChIJpVLsIYU5jgcRaLHFKl1CrY4",
        "name" : "Seu Madruga Rock & Beer",
        "locationConfidence" : 2.502464
      }, {
        "latitudeE7" : -50572487,
        "longitudeE7" : -427976972,
        "placeId" : "ChIJU8EIzHc5jgcRKKJga5zODjU",
        "name" : "Square Economy",
        "locationConfidence" : 2.086802
      }, {
        "latitudeE7" : -50650191,
        "longitudeE7" : -427963329,
        "placeId" : "ChIJv8i1wJo5jgcRN963Og7898Y",
        "name" : "Splendore Festas",
        "locationConfidence" : 2.0834675
      }, {
        "latitudeE7" : -50640684,
        "longitudeE7" : -427938398,
        "placeId" : "ChIJy1mc44Q5jgcRWeVILRVJy2Q",
        "name" : "Hamburgo Hamburgueria",
        "locationConfidence" : 1.8675137
      } ],
      "editConfirmationStatus" : "NOT_CONFIRMED"
    }
  }, {
    "activitySegment" : {
      "startLocation" : {
        "latitudeE7" : -50636919,
        "longitudeE7" : -427944463
      },
      "endLocation" : {
        "latitudeE7" : -50541529,
        "longitudeE7" : -427404690
      },
      "duration" : {
        "startTimestampMs" : "1482550977329",
        "endTimestampMs" : "1482553404190"
      },
      "distance" : 2974,
      "activityType" : "IN_PASSENGER_VEHICLE",
      "confidence" : "MEDIUM",
      "activities" : [ {
        "activityType" : "IN_PASSENGER_VEHICLE",
        "probability" : 67.7038743934661
      }, {
        "activityType" : "WALKING",
        "probability" : 16.610356265035968
      }, {
        "activityType" : "MOTORCYCLING",
        "probability" : 7.6815743776438365
      } ],
      "waypointPath" : {
        "waypoints" : [ {
          "latE7" : -50637664,
          "lngE7" : -427944488
        }, {
          "latE7" : -50541548,
          "lngE7" : -427404327
        } ]
      },
      "editConfirmationStatus" : "NOT_CONFIRMED"
    }
  }, {
    "placeVisit" : {
      "location" : {
        "placeId" : "ChIJY8uFggU7jgcRhnKvuMyBbLs",
        "address" : "Vale Quem Tem\nTeresina - PI\nBrasil",
        "name" : "Vale Quem Tem",
        "locationConfidence" : 100.0
      },
      "duration" : {
        "startTimestampMs" : "1482553404190",
        "endTimestampMs" : "1482712993497"
      },
      "placeConfidence" : "USER_CONFIRMED",
      "visitConfidence" : 100,
      "otherCandidateLocations" : [ {
        "latitudeE7" : -50541529,
        "longitudeE7" : -427404690,
        "placeId" : "ChIJAfdmaA87jgcRCXJUt14vRoo",
        "sourceInfo" : {
          "deviceTag" : 742189892
        },
        "locationConfidence" : 94.5336
      }, {
        "latitudeE7" : -50542919,
        "longitudeE7" : -427404639,
        "placeId" : "ChIJl5mxZw87jgcRLFYenMmPVEI",
        "locationConfidence" : 3.7108243
      }, {
        "latitudeE7" : -50540677,
        "longitudeE7" : -427402593,
        "placeId" : "ChIJKbhEaQ87jgcRcm-H5xyi9Lw",
        "locationConfidence" : 1.071492
      }, {
        "latitudeE7" : -50558124,
        "longitudeE7" : -427394465,
        "placeId" : "ChIJcdIXoAU7jgcRmrzgAsTUjzU",
        "locationConfidence" : 0.099652775
      }, {
        "latitudeE7" : -50542190,
        "longitudeE7" : -427404749,
        "placeId" : "ChIJSUrXZw87jgcRH4vxZLp8j6o",
        "locationConfidence" : 0.08643596
      }, {
        "latitudeE7" : -50551630,
        "longitudeE7" : -427402950,
        "placeId" : "ChIJW_NniwU7jgcRVBQNMUMGbmw",
        "locationConfidence" : 0.084629804
      }, {
        "latitudeE7" : -50553240,
        "longitudeE7" : -427400056,
        "placeId" : "ChIJb7twkAU7jgcRHJz55jPTwMA",
        "locationConfidence" : 0.05767611
      }, {
        "latitudeE7" : -50528600,
        "longitudeE7" : -427402469,
        "placeId" : "ChIJS7MyHA87jgcRf-J9cFTLpW4",
        "locationConfidence" : 0.046603672
      }, {
        "latitudeE7" : -50544980,
        "longitudeE7" : -427403110,
        "placeId" : "ChIJCw5aYQ87jgcRknKwXU34LV8",
        "locationConfidence" : 0.03634768
      }, {
        "latitudeE7" : -50549830,
        "longitudeE7" : -427405130,
        "placeId" : "ChIJw8qXjAU7jgcR0z24aaeeTXo",
        "locationConfidence" : 0.025082104
      } ],
      "editConfirmationStatus" : "CONFIRMED"
    }
  }, {
    "activitySegment" : {
      "startLocation" : {
        "latitudeE7" : -50534296,
        "longitudeE7" : -427404792
      },
      "endLocation" : {
        "latitudeE7" : -50541529,
        "longitudeE7" : -427404690
      },
      "duration" : {
        "startTimestampMs" : "1482712993497",
        "endTimestampMs" : "1482714617372"
      },
      "distance" : 10793,
      "activityType" : "IN_PASSENGER_VEHICLE",
      "confidence" : "MEDIUM",
      "activities" : [ {
        "activityType" : "IN_PASSENGER_VEHICLE",
        "probability" : 71.9701483086493
      }, {
        "activityType" : "WALKING",
        "probability" : 13.399745259812242
      }, {
        "activityType" : "MOTORCYCLING",
        "probability" : 8.51757297976697
      } ],
      "waypointPath" : {
        "waypoints" : [ {
          "latE7" : -50534348,
          "lngE7" : -427403907
        }, {
          "latE7" : -50821952,
          "lngE7" : -427751502
        }, {
          "latE7" : -50541548,
          "lngE7" : -427404327
        } ]
      },
      "simplifiedRawPath" : {
        "points" : [ {
          "latE7" : -50822952,
          "lngE7" : -427751574,
          "timestampMs" : "1482713630651",
          "accuracyMeters" : 28
        } ]
      },
      "editConfirmationStatus" : "NOT_CONFIRMED"
    }
  }, {
    "placeVisit" : {
      "location" : {
        "latitudeE7" : -50506269,
        "longitudeE7" : -427418148,
        "placeId" : "ChIJY8uFggU7jgcRhnKvuMyBbLs",
        "address" : "Vale Quem Tem\nTeresina - PI\nBrasil",
        "name" : "Vale Quem Tem",
        "locationConfidence" : 100.0
      },
      "duration" : {
        "startTimestampMs" : "1482714617372",
        "endTimestampMs" : "1482757109000"
      },
      "placeConfidence" : "USER_CONFIRMED",
      "visitConfidence" : 100,
      "otherCandidateLocations" : [ {
        "latitudeE7" : -50541529,
        "longitudeE7" : -427404690,
        "placeId" : "ChIJAfdmaA87jgcRCXJUt14vRoo",
        "name" : "Pizzaria Leste",
        "sourceInfo" : {
          "deviceTag" : 742189892
        },
        "locationConfidence" : 95.1621
      }, {
        "latitudeE7" : -50542919,
        "longitudeE7" : -427404639,
        "placeId" : "ChIJl5mxZw87jgcRLFYenMmPVEI",
        "name" : "Comercial O Duba",
        "locationConfidence" : 3.1576066
      }, {
        "latitudeE7" : -50540677,
        "longitudeE7" : -427402593,
        "placeId" : "ChIJKbhEaQ87jgcRcm-H5xyi9Lw",
        "name" : "Clovis Rock Bar",
        "locationConfidence" : 0.84464484
      }, {
        "latitudeE7" : -50558124,
        "longitudeE7" : -427394465,
        "placeId" : "ChIJcdIXoAU7jgcRmrzgAsTUjzU",
        "name" : "Football field",
        "locationConfidence" : 0.19972302
      }, {
        "latitudeE7" : -50542190,
        "longitudeE7" : -427404749,
        "placeId" : "ChIJSUrXZw87jgcRH4vxZLp8j6o",
        "name" : "Drogaria A & G",
        "locationConfidence" : 0.10150009
      }, {
        "latitudeE7" : -50546470,
        "longitudeE7" : -427403450,
        "placeId" : "ChIJ-VaTYQ87jgcRDkOmMmbUH3I",
        "name" : "Clinic Fisio",
        "locationConfidence" : 0.08778518
      }, {
        "latitudeE7" : -50553240,
        "longitudeE7" : -427400056,
        "placeId" : "ChIJb7twkAU7jgcRHJz55jPTwMA",
        "locationConfidence" : 0.062277798
      }, {
        "latitudeE7" : -50544980,
        "longitudeE7" : -427403110,
        "placeId" : "ChIJCw5aYQ87jgcRknKwXU34LV8",
        "name" : "Frutaria & Mercearia São Francisco",
        "locationConfidence" : 0.052682787
      }, {
        "latitudeE7" : -50549420,
        "longitudeE7" : -427402950,
        "placeId" : "ChIJW_NniwU7jgcRVBQNMUMGbmw",
        "name" : "Restaurante Recanto do Frango",
        "locationConfidence" : 0.04748562
      }, {
        "latitudeE7" : -50528600,
        "longitudeE7" : -427402469,
        "placeId" : "ChIJS7MyHA87jgcRf-J9cFTLpW4",
        "name" : "Cauê - Conveniência",
        "locationConfidence" : 0.035956934
      } ],
      "editConfirmationStatus" : "CONFIRMED"
    }
  }, {
    "activitySegment" : {
      "startLocation" : {
        "latitudeE7" : -50541529,
        "longitudeE7" : -427404690
      },
      "endLocation" : {
        "latitudeE7" : -51062781,
        "longitudeE7" : -428040038
      },
      "duration" : {
        "startTimestampMs" : "1482757109000",
        "endTimestampMs" : "1482758995050"
      },
      "distance" : 13430,
      "activityType" : "IN_PASSENGER_VEHICLE",
      "confidence" : "MEDIUM",
      "activities" : [ {
        "activityType" : "IN_PASSENGER_VEHICLE",
        "probability" : 62.50476617801207
      }, {
        "activityType" : "MOTORCYCLING",
        "probability" : 23.016001514928035
      }, {
        "activityType" : "WALKING",
        "probability" : 9.368433194870233
      } ],
      "waypointPath" : {
        "waypoints" : [ {
          "latE7" : -50541548,
          "lngE7" : -427404327
        }, {
          "latE7" : -50800867,
          "lngE7" : -427886390
        }, {
          "latE7" : -50976538,
          "lngE7" : -427988433
        }, {
          "latE7" : -51061959,
          "lngE7" : -428040390
        } ]
      },
      "simplifiedRawPath" : {
        "points" : [ {
          "latE7" : -50803984,
          "lngE7" : -427847671,
          "timestampMs" : "1482757859000",
          "accuracyMeters" : 7
        }, {
          "latE7" : -50976498,
          "lngE7" : -427988592,
          "timestampMs" : "1482758424000",
          "accuracyMeters" : 4
        } ]
      },
      "editConfirmationStatus" : "NOT_CONFIRMED"
    }
  }, {
    "placeVisit" : {
      "location" : {
        "latitudeE7" : -51062129,
        "longitudeE7" : -428040325,
        "placeId" : "ChIJsz4yfhU3jgcRWxtabnB-yNg",
        "address" : "R. Manoel da Paz, 935 - Vermelha\nTeresina - PI\n64019-280\nBrasil",
        "name" : "Belltec Serviços de Dados e Voz",
        "sourceInfo" : {
          "deviceTag" : 742189892
        },
        "locationConfidence" : 13.672419
      },
      "duration" : {
        "startTimestampMs" : "1482758995050",
        "endTimestampMs" : "1482759941422"
      },
      "placeConfidence" : "LOW_CONFIDENCE",
      "centerLatE7" : -51067250,
      "centerLngE7" : -428043550,
      "visitConfidence" : 68,
      "otherCandidateLocations" : [ {
        "latitudeE7" : -51073656,
        "longitudeE7" : -428051433,
        "placeId" : "ChIJmTMfGdU5jgcR4Xwz9vAbRto",
        "name" : "Beto Ferramentas e Parafusos",
        "locationConfidence" : 6.2524767
      }, {
        "latitudeE7" : -51071973,
        "longitudeE7" : -428037162,
        "placeId" : "ChIJpd_BZtg5jgcRp0piQdUamFA",
        "locationConfidence" : 4.421128
      }, {
        "latitudeE7" : -51065413,
        "longitudeE7" : -428040294,
        "placeId" : "ChIJvSj7tz83jgcRKDis0LtXlgM",
        "name" : "Distribuidora Renascer",
        "locationConfidence" : 4.3207088
      }, {
        "latitudeE7" : -51070375,
        "longitudeE7" : -428053447,
        "placeId" : "ChIJAxVbgBU3jgcRQkOQPkAk9wc",
        "name" : "M Carvalho",
        "locationConfidence" : 4.000538
      }, {
        "latitudeE7" : -51054968,
        "longitudeE7" : -428054410,
        "placeId" : "ChIJmTMfGdU5jgcRqHv_Kjg-my4",
        "name" : "Refrigás Refrigeration Parts and Services",
        "locationConfidence" : 3.1861007
      }, {
        "latitudeE7" : -51067172,
        "longitudeE7" : -428049445,
        "placeId" : "ChIJKYTw0z83jgcRuEqKBkwiVk4",
        "name" : "Mercantil Mundico",
        "locationConfidence" : 2.7579217
      }, {
        "latitudeE7" : -51077458,
        "longitudeE7" : -428051933,
        "placeId" : "ChIJBXLtID43jgcRLaFjog3Kwvg",
        "locationConfidence" : 2.4906077
      }, {
        "latitudeE7" : -51067640,
        "longitudeE7" : -428051839,
        "placeId" : "ChIJcUjk1D83jgcRl4sBHrqet-E",
        "name" : "Automotive Music Center",
        "locationConfidence" : 2.2076116
      }, {
        "latitudeE7" : -51062618,
        "longitudeE7" : -428018845,
        "placeId" : "ChIJgSqYFD83jgcR9jNrbB2SroM",
        "name" : "Parque Ambiental da Macaúba",
        "locationConfidence" : 2.1999729
      } ],
      "editConfirmationStatus" : "NOT_CONFIRMED"
    }
  }, {
    "activitySegment" : {
      "startLocation" : {
        "latitudeE7" : -51062781,
        "longitudeE7" : -428040038
      },
      "endLocation" : {
        "latitudeE7" : -50541529,
        "longitudeE7" : -427404690
      },
      "duration" : {
        "startTimestampMs" : "1482759941422",
        "endTimestampMs" : "1482762409475"
      },
      "distance" : 8231,
      "activityType" : "IN_PASSENGER_VEHICLE",
      "confidence" : "MEDIUM",
      "activities" : [ {
        "activityType" : "IN_PASSENGER_VEHICLE",
        "probability" : 69.63950039129459
      }, {
        "activityType" : "MOTORCYCLING",
        "probability" : 15.451800408109943
      }, {
        "activityType" : "WALKING",
        "probability" : 8.504672626391125
      } ],
      "waypointPath" : {
        "waypoints" : [ {
          "latE7" : -51061959,
          "lngE7" : -428040390
        }, {
          "latE7" : -50541548,
          "lngE7" : -427404327
        } ]
      },
      "editConfirmationStatus" : "NOT_CONFIRMED"
    }
  }, {
    "placeVisit" : {
      "location" : {
        "latitudeE7" : -50506269,
        "longitudeE7" : -427418148,
        "placeId" : "ChIJY8uFggU7jgcRhnKvuMyBbLs",
        "address" : "Vale Quem Tem\nTeresina - PI\nBrasil",
        "name" : "Vale Quem Tem",
        "locationConfidence" : 100.0
      },
      "duration" : {
        "startTimestampMs" : "1482762409475",
        "endTimestampMs" : "1482866664828"
      },
      "placeConfidence" : "USER_CONFIRMED",
      "visitConfidence" : 100,
      "otherCandidateLocations" : [ {
        "latitudeE7" : -50541529,
        "longitudeE7" : -427404690,
        "placeId" : "ChIJAfdmaA87jgcRCXJUt14vRoo",
        "name" : "Pizzaria Leste",
        "sourceInfo" : {
          "deviceTag" : 742189892
        },
        "locationConfidence" : 93.41344
      }, {
        "latitudeE7" : -50542919,
        "longitudeE7" : -427404639,
        "placeId" : "ChIJl5mxZw87jgcRLFYenMmPVEI",
        "name" : "Comercial O Duba",
        "locationConfidence" : 5.004183
      }, {
        "latitudeE7" : -50540677,
        "longitudeE7" : -427402593,
        "placeId" : "ChIJKbhEaQ87jgcRcm-H5xyi9Lw",
        "name" : "Clovis Rock Bar",
        "locationConfidence" : 0.46876755
      }, {
        "latitudeE7" : -50542190,
        "longitudeE7" : -427404749,
        "placeId" : "ChIJSUrXZw87jgcRH4vxZLp8j6o",
        "name" : "Drogaria A & G",
        "locationConfidence" : 0.17389172
      }, {
        "latitudeE7" : -50558124,
        "longitudeE7" : -427394465,
        "placeId" : "ChIJcdIXoAU7jgcRmrzgAsTUjzU",
        "name" : "Football field",
        "locationConfidence" : 0.14408106
      }, {
        "latitudeE7" : -50549420,
        "longitudeE7" : -427402950,
        "placeId" : "ChIJW_NniwU7jgcRVBQNMUMGbmw",
        "name" : "Restaurante Recanto do Frango",
        "locationConfidence" : 0.10165747
      }, {
        "latitudeE7" : -50546470,
        "longitudeE7" : -427403450,
        "placeId" : "ChIJ-VaTYQ87jgcRDkOmMmbUH3I",
        "name" : "Clinic Fisio",
        "locationConfidence" : 0.09636155
      }, {
        "latitudeE7" : -50553240,
        "longitudeE7" : -427400056,
        "placeId" : "ChIJb7twkAU7jgcRHJz55jPTwMA",
        "locationConfidence" : 0.09372709
      }, {
        "latitudeE7" : -50528600,
        "longitudeE7" : -427402469,
        "placeId" : "ChIJS7MyHA87jgcRf-J9cFTLpW4",
        "name" : "Cauê - Conveniência",
        "locationConfidence" : 0.056633275
      }, {
        "latitudeE7" : -50544980,
        "longitudeE7" : -427403110,
        "placeId" : "ChIJCw5aYQ87jgcRknKwXU34LV8",
        "name" : "Frutaria & Mercearia São Francisco",
        "locationConfidence" : 0.04530119
      } ],
      "editConfirmationStatus" : "CONFIRMED"
    }
  }, {
    "activitySegment" : {
      "startLocation" : {
        "latitudeE7" : -50541529,
        "longitudeE7" : -427404690
      },
      "endLocation" : {
        "latitudeE7" : -50778156,
        "longitudeE7" : -428018814
      },
      "duration" : {
        "startTimestampMs" : "1482866664828",
        "endTimestampMs" : "1482869347642"
      },
      "distance" : 9857,
      "activityType" : "IN_PASSENGER_VEHICLE",
      "confidence" : "MEDIUM",
      "activities" : [ {
        "activityType" : "IN_PASSENGER_VEHICLE",
        "probability" : 72.5176324771564
      }, {
        "activityType" : "WALKING",
        "probability" : 9.455525193729155
      }, {
        "activityType" : "MOTORCYCLING",
        "probability" : 7.973353483804574
      } ],
      "waypointPath" : {
        "waypoints" : [ {
          "latE7" : -50541548,
          "lngE7" : -427404327
        }, {
          "latE7" : -50807175,
          "lngE7" : -427812919
        }, {
          "latE7" : -50862426,
          "lngE7" : -427896728
        }, {
          "latE7" : -50774312,
          "lngE7" : -428024139
        } ]
      },
      "simplifiedRawPath" : {
        "points" : [ {
          "latE7" : -50852718,
          "lngE7" : -427891517,
          "timestampMs" : "1482868261244",
          "accuracyMeters" : 20
        } ]
      },
      "editConfirmationStatus" : "NOT_CONFIRMED"
    }
  }, {
    "placeVisit" : {
      "location" : {
        "latitudeE7" : -50778156,
        "longitudeE7" : -428018814,
        "placeId" : "ChIJMftSx-s5jgcR_wHDmrnXyAs",
        "address" : "Avenida Marechal Castelo Branco, 911Commercial Hall 412 - Level L4\nPorenquanto\nTeresina - PI\n64003-087\nBrasil",
        "name" : "Cinépolis",
        "sourceInfo" : {
          "deviceTag" : 742189892
        },
        "locationConfidence" : 99.76058
      },
      "duration" : {
        "startTimestampMs" : "1482869347642",
        "endTimestampMs" : "1482878471563"
      },
      "placeConfidence" : "HIGH_CONFIDENCE",
      "centerLatE7" : -50781413,
      "centerLngE7" : -428018680,
      "visitConfidence" : 62,
      "otherCandidateLocations" : [ {
        "latitudeE7" : -50772037,
        "longitudeE7" : -428013302,
        "placeId" : "ChIJNdSlj_w5jgcRvVyZCFGdUl4",
        "address" : "Av. Mar. Castelo Branco, 911 - Porenquanto\nTeresina - PI\n64000-810\nBrasil",
        "name" : "Renner",
        "locationConfidence" : 0.15625831
      }, {
        "latitudeE7" : -50769457,
        "longitudeE7" : -428016446,
        "placeId" : "ChIJ9XA1xes5jgcRBNv8bJ_hPzw",
        "name" : "Shopping Rio Poty",
        "locationConfidence" : 0.049049877
      }, {
        "latitudeE7" : -50771341,
        "longitudeE7" : -428015795,
        "placeId" : "ChIJq6p65-s5jgcRAhf0oMKKEak",
        "name" : "Beer Store",
        "locationConfidence" : 0.009195572
      }, {
        "latitudeE7" : -50777191,
        "longitudeE7" : -428015807,
        "placeId" : "ChIJy-YHXuk5jgcRmaUtvwR68tA",
        "locationConfidence" : 0.006264775
      }, {
        "latitudeE7" : -50769607,
        "longitudeE7" : -428022576,
        "placeId" : "ChIJB6ts3es5jgcRVp_GVArva8Y",
        "name" : "Bodytech",
        "locationConfidence" : 0.0033063863
      }, {
        "latitudeE7" : -50772189,
        "longitudeE7" : -428017689,
        "placeId" : "ChIJGRwZ_es5jgcRMr-DNlfw0IQ",
        "name" : "Casa do Pão de Queijo",
        "locationConfidence" : 0.0021809964
      }, {
        "latitudeE7" : -50772458,
        "longitudeE7" : -428017897,
        "placeId" : "ChIJD4q2X-k5jgcRu3PDZpYdyKs",
        "name" : "IAP! Cosméticos",
        "locationConfidence" : 0.0021538122
      }, {
        "latitudeE7" : -224249380,
        "longitudeE7" : -454570140,
        "placeId" : "ChIJ-cKvj_w5jgcRaqgOMBsOq70",
        "name" : "Cacau Show",
        "locationConfidence" : 0.0017759643
      }, {
        "latitudeE7" : -50766201,
        "longitudeE7" : -428018083,
        "placeId" : "ChIJBQAQwes5jgcRe7cPE9CqPo8",
        "name" : "Green City Veiculos",
        "locationConfidence" : 0.0017649572
      } ],
      "editConfirmationStatus" : "NOT_CONFIRMED"
    }
  }, {
    "activitySegment" : {
      "startLocation" : {
        "latitudeE7" : -50778156,
        "longitudeE7" : -428018814
      },
      "endLocation" : {
        "latitudeE7" : -50774121,
        "longitudeE7" : -428017440
      },
      "duration" : {
        "startTimestampMs" : "1482878471563",
        "endTimestampMs" : "1482879562267"
      },
      "distance" : 47,
      "activityType" : "WALKING",
      "confidence" : "LOW",
      "activities" : [ {
        "activityType" : "WALKING",
        "probability" : 51.34248204009651
      }, {
        "activityType" : "IN_PASSENGER_VEHICLE",
        "probability" : 30.37223639000236
      }, {
        "activityType" : "MOTORCYCLING",
        "probability" : 9.774039482622182
      } ],
      "waypointPath" : {
        "waypoints" : [ {
          "latE7" : -50773820,
          "lngE7" : -428024711
        }, {
          "latE7" : -50773005,
          "lngE7" : -428024368
        } ]
      },
      "editConfirmationStatus" : "NOT_CONFIRMED"
    }
  }, {
    "placeVisit" : {
      "location" : {
        "latitudeE7" : -50769457,
        "longitudeE7" : -428016446,
        "placeId" : "ChIJc2l6Wuk5jgcR6mgkKF4g87k",
        "address" : "Av. Mar. Castelo Branco, 911 - Porenquanto\nTeresina - PI\n64003-087\nBrasil",
        "name" : "Shopping Rio Poty",
        "sourceInfo" : {
          "deviceTag" : 742189892
        },
        "locationConfidence" : 69.73694
      },
      "duration" : {
        "startTimestampMs" : "1482879562267",
        "endTimestampMs" : "1482881510403"
      },
      "placeConfidence" : "MEDIUM_CONFIDENCE",
      "childVisits" : [ {
        "location" : {
          "latitudeE7" : -50772037,
          "longitudeE7" : -428013302,
          "placeId" : "ChIJNdSlj_w5jgcRvVyZCFGdUl4",
          "address" : "Av. Mar. Castelo Branco, 911 - Porenquanto\nTeresina - PI\n64000-810\nBrasil",
          "name" : "Renner",
          "sourceInfo" : {
            "deviceTag" : 742189892
          },
          "locationConfidence" : 58.411022
        },
        "duration" : {
          "startTimestampMs" : "1482879562267",
          "endTimestampMs" : "1482881510403"
        },
        "placeConfidence" : "MEDIUM_CONFIDENCE",
        "centerLatE7" : -50765178,
        "centerLngE7" : -428018311,
        "visitConfidence" : 77,
        "otherCandidateLocations" : [ {
          "latitudeE7" : -50778156,
          "longitudeE7" : -428018814,
          "placeId" : "ChIJ_RmYZuk5jgcRc13LyPx5ZAM",
          "name" : "Cinépolis Shopping Rio Poty",
          "locationConfidence" : 19.301025
        }, {
          "latitudeE7" : -50772458,
          "longitudeE7" : -428017897,
          "placeId" : "ChIJD4q2X-k5jgcRu3PDZpYdyKs",
          "name" : "IAP! Cosméticos",
          "locationConfidence" : 4.4652553
        }, {
          "latitudeE7" : -50777430,
          "longitudeE7" : -427809272,
          "placeId" : "ChIJH1s2v-s5jgcRcAaMt2Ro4E8",
          "name" : "Loja Vivo",
          "locationConfidence" : 2.8708959
        }, {
          "latitudeE7" : -50766201,
          "longitudeE7" : -428018083,
          "placeId" : "ChIJBQAQwes5jgcRe7cPE9CqPo8",
          "name" : "Green City Veiculos",
          "locationConfidence" : 2.8018498
        }, {
          "latitudeE7" : -50769607,
          "longitudeE7" : -428022576,
          "placeId" : "ChIJB6ts3es5jgcRVp_GVArva8Y",
          "name" : "Bodytech",
          "locationConfidence" : 2.7638004
        }, {
          "latitudeE7" : -50771341,
          "longitudeE7" : -428015795,
          "placeId" : "ChIJq6p65-s5jgcRAhf0oMKKEak",
          "name" : "Beer Store",
          "locationConfidence" : 1.8942473
        }, {
          "latitudeE7" : -224249380,
          "longitudeE7" : -454570140,
          "placeId" : "ChIJ-cKvj_w5jgcRaqgOMBsOq70",
          "name" : "Cacau Show",
          "locationConfidence" : 1.1523962
        }, {
          "latitudeE7" : -50772189,
          "longitudeE7" : -428017689,
          "placeId" : "ChIJGRwZ_es5jgcRMr-DNlfw0IQ",
          "name" : "Casa do Pão de Queijo",
          "locationConfidence" : 1.1147976
        } ],
        "editConfirmationStatus" : "NOT_CONFIRMED"
      } ],
      "centerLatE7" : -50765178,
      "centerLngE7" : -428018311,
      "visitConfidence" : 77,
      "otherCandidateLocations" : [ {
        "latitudeE7" : -50778156,
        "longitudeE7" : -428018814,
        "placeId" : "ChIJ_RmYZuk5jgcRc13LyPx5ZAM",
        "name" : "Cinépolis Shopping Rio Poty",
        "locationConfidence" : 14.044784
      }, {
        "latitudeE7" : -50772458,
        "longitudeE7" : -428017897,
        "placeId" : "ChIJD4q2X-k5jgcRu3PDZpYdyKs",
        "name" : "IAP! Cosméticos",
        "locationConfidence" : 3.2492337
      }, {
        "latitudeE7" : -50777430,
        "longitudeE7" : -427809272,
        "placeId" : "ChIJH1s2v-s5jgcRcAaMt2Ro4E8",
        "name" : "Loja Vivo",
        "locationConfidence" : 2.0890658
      }, {
        "latitudeE7" : -50766201,
        "longitudeE7" : -428018083,
        "placeId" : "ChIJBQAQwes5jgcRe7cPE9CqPo8",
        "name" : "Green City Veiculos",
        "locationConfidence" : 2.038823
      }, {
        "latitudeE7" : -50769607,
        "longitudeE7" : -428022576,
        "placeId" : "ChIJB6ts3es5jgcRVp_GVArva8Y",
        "name" : "Bodytech",
        "locationConfidence" : 2.0111356
      }, {
        "latitudeE7" : -50771341,
        "longitudeE7" : -428015795,
        "placeId" : "ChIJq6p65-s5jgcRAhf0oMKKEak",
        "name" : "Beer Store",
        "locationConfidence" : 1.3783876
      }, {
        "latitudeE7" : -224249380,
        "longitudeE7" : -454570140,
        "placeId" : "ChIJ-cKvj_w5jgcRaqgOMBsOq70",
        "name" : "Cacau Show",
        "locationConfidence" : 0.8385645
      }, {
        "latitudeE7" : -50772189,
        "longitudeE7" : -428017689,
        "placeId" : "ChIJGRwZ_es5jgcRMr-DNlfw0IQ",
        "name" : "Casa do Pão de Queijo",
        "locationConfidence" : 0.81120515
      } ],
      "editConfirmationStatus" : "NOT_CONFIRMED"
    }
  }, {
    "activitySegment" : {
      "startLocation" : {
        "latitudeE7" : -50774121,
        "longitudeE7" : -428017440
      },
      "endLocation" : {
        "latitudeE7" : -50541529,
        "longitudeE7" : -427404690
      },
      "duration" : {
        "startTimestampMs" : "1482881510403",
        "endTimestampMs" : "1482892802132"
      },
      "distance" : 6987,
      "activityType" : "IN_PASSENGER_VEHICLE",
      "confidence" : "MEDIUM",
      "activities" : [ {
        "activityType" : "IN_PASSENGER_VEHICLE",
        "probability" : 75.56842873658708
      }, {
        "activityType" : "WALKING",
        "probability" : 12.833312211877967
      }, {
        "activityType" : "MOTORCYCLING",
        "probability" : 7.657888075413531
      } ],
      "waypointPath" : {
        "waypoints" : [ {
          "latE7" : -50773415,
          "lngE7" : -428023834
        }, {
          "latE7" : -50541548,
          "lngE7" : -427404327
        } ]
      },
      "editConfirmationStatus" : "NOT_CONFIRMED"
    }
  }, {
    "placeVisit" : {
      "location" : {
        "latitudeE7" : -50506269,
        "longitudeE7" : -427418148,
        "placeId" : "ChIJY8uFggU7jgcRhnKvuMyBbLs",
        "address" : "Vale Quem Tem\nTeresina - PI\nBrasil",
        "name" : "Vale Quem Tem",
        "locationConfidence" : 100.0
      },
      "duration" : {
        "startTimestampMs" : "1482892802132",
        "endTimestampMs" : "1482979813333"
      },
      "placeConfidence" : "USER_CONFIRMED",
      "visitConfidence" : 100,
      "otherCandidateLocations" : [ {
        "latitudeE7" : -50541529,
        "longitudeE7" : -427404690,
        "placeId" : "ChIJAfdmaA87jgcRCXJUt14vRoo",
        "name" : "Pizzaria Leste",
        "sourceInfo" : {
          "deviceTag" : 742189892
        },
        "locationConfidence" : 97.62386
      }, {
        "latitudeE7" : -50542919,
        "longitudeE7" : -427404639,
        "placeId" : "ChIJl5mxZw87jgcRLFYenMmPVEI",
        "name" : "Comercial O Duba",
        "locationConfidence" : 1.4915599
      }, {
        "latitudeE7" : -50540677,
        "longitudeE7" : -427402593,
        "placeId" : "ChIJKbhEaQ87jgcRcm-H5xyi9Lw",
        "name" : "Clovis Rock Bar",
        "locationConfidence" : 0.5709607
      }, {
        "latitudeE7" : -50542190,
        "longitudeE7" : -427404749,
        "placeId" : "ChIJSUrXZw87jgcRH4vxZLp8j6o",
        "name" : "Drogaria A & G",
        "locationConfidence" : 0.06441207
      }, {
        "latitudeE7" : -50549420,
        "longitudeE7" : -427402950,
        "placeId" : "ChIJW_NniwU7jgcRVBQNMUMGbmw",
        "name" : "Restaurante Recanto do Frango",
        "locationConfidence" : 0.04914619
      }, {
        "latitudeE7" : -50558124,
        "longitudeE7" : -427394465,
        "placeId" : "ChIJcdIXoAU7jgcRmrzgAsTUjzU",
        "name" : "Football field",
        "locationConfidence" : 0.02993633
      }, {
        "latitudeE7" : -50528600,
        "longitudeE7" : -427402469,
        "placeId" : "ChIJS7MyHA87jgcRf-J9cFTLpW4",
        "name" : "Cauê - Conveniência",
        "locationConfidence" : 0.029847823
      }, {
        "latitudeE7" : -50549830,
        "longitudeE7" : -427405130,
        "placeId" : "ChIJw8qXjAU7jgcR0z24aaeeTXo",
        "name" : "Tempero do Nordeste",
        "locationConfidence" : 0.02882951
      }, {
        "latitudeE7" : -50546470,
        "longitudeE7" : -427403450,
        "placeId" : "ChIJ-VaTYQ87jgcRDkOmMmbUH3I",
        "name" : "Clinic Fisio",
        "locationConfidence" : 0.018342443
      }, {
        "latitudeE7" : -50540350,
        "longitudeE7" : -427391840,
        "placeId" : "ChIJqzCFng87jgcRWYWKwSzhYCE",
        "name" : "Bar - O Lustosa",
        "locationConfidence" : 0.013157695
      } ],
      "editConfirmationStatus" : "CONFIRMED"
    }
  }, {
    "activitySegment" : {
      "startLocation" : {
        "latitudeE7" : -50541529,
        "longitudeE7" : -427404690
      },
      "endLocation" : {
        "latitudeE7" : -50635268,
        "longitudeE7" : -428211681
      },
      "duration" : {
        "startTimestampMs" : "1482979813333",
        "endTimestampMs" : "1482980402424"
      },
      "distance" : 9016,
      "activityType" : "IN_PASSENGER_VEHICLE",
      "confidence" : "MEDIUM",
      "activities" : [ {
        "activityType" : "IN_PASSENGER_VEHICLE",
        "probability" : 79.78353802293799
      }, {
        "activityType" : "MOTORCYCLING",
        "probability" : 10.5152892711475
      }, {
        "activityType" : "WALKING",
        "probability" : 7.1998518148265855
      } ],
      "waypointPath" : {
        "waypoints" : [ {
          "latE7" : -50541548,
          "lngE7" : -427404327
        }, {
          "latE7" : -50635147,
          "lngE7" : -428210411
        } ]
      },
      "editConfirmationStatus" : "NOT_CONFIRMED"
    }
  }, {
    "placeVisit" : {
      "location" : {
        "latitudeE7" : -50634630,
        "longitudeE7" : -428211910,
        "placeId" : "ChIJeWYYRP04jgcRCU2iZUacjHs",
        "address" : "Praça Santos Dumont, s/nº - Aeroporto\nTeresina - PI\n64006-012\nBrasil",
        "name" : "Teresina Airport Senator Petrônio Portella",
        "sourceInfo" : {
          "deviceTag" : 742189892
        },
        "locationConfidence" : 99.92536
      },
      "duration" : {
        "startTimestampMs" : "1482980402424",
        "endTimestampMs" : "1482983056016"
      },
      "placeConfidence" : "HIGH_CONFIDENCE",
      "centerLatE7" : -50634600,
      "centerLngE7" : -428212475,
      "visitConfidence" : 76,
      "otherCandidateLocations" : [ {
        "latitudeE7" : -50634939,
        "longitudeE7" : -428212818,
        "placeId" : "ChIJNbvtlK05jgcRw0gzPjT98So",
        "name" : "Casa do Pão de Queijo",
        "locationConfidence" : 0.03233581
      }, {
        "latitudeE7" : -50631400,
        "longitudeE7" : -428212610,
        "placeId" : "ChIJp9L7lK05jgcR7E-wQ0tlXDM",
        "name" : "Beliscão Restaurante",
        "locationConfidence" : 0.032244563
      }, {
        "latitudeE7" : -50609150,
        "longitudeE7" : -428127600,
        "placeId" : "ChIJG_Ezi605jgcRYV5Pa-NF6Oo",
        "name" : "Unidas",
        "locationConfidence" : 0.0037669956
      }, {
        "latitudeE7" : -50634588,
        "longitudeE7" : -428212336,
        "placeId" : "ChIJs0i6d645jgcRXulMmumJY4I",
        "name" : "Avis Aluguel de Carros Aeroporto de Teresina",
        "locationConfidence" : 0.0011681282
      }, {
        "latitudeE7" : -50634939,
        "longitudeE7" : -428212818,
        "placeId" : "ChIJNbvtlK05jgcRw0gzPjT98So",
        "name" : "Casa do Pão de Queijo",
        "locationConfidence" : 0.0011366705
      }, {
        "latitudeE7" : -50638713,
        "longitudeE7" : -428211439,
        "placeId" : "ChIJk5LViq05jgcRKMvDFGubGiA",
        "name" : "Localiza Rent a Car",
        "locationConfidence" : 7.5136166E-4
      }, {
        "latitudeE7" : -50634570,
        "longitudeE7" : -428212000,
        "placeId" : "ChIJnxG9kq05jgcRvwxXFdgZusA",
        "name" : "Correios",
        "locationConfidence" : 6.2186335E-4
      }, {
        "latitudeE7" : -50627922,
        "longitudeE7" : -428201203,
        "placeId" : "ChIJFy8T2K05jgcRJ-6UNeoQaVk",
        "name" : "Choupana Del Primo",
        "locationConfidence" : 3.524188E-4
      }, {
        "latitudeE7" : -50632519,
        "longitudeE7" : -428212040,
        "placeId" : "ChIJw9Ffk605jgcR399Fd6YUCfQ",
        "name" : "Revistaria AP Cruz",
        "locationConfidence" : 1.7589428E-4
      } ],
      "editConfirmationStatus" : "NOT_CONFIRMED"
    }
  }, {
    "activitySegment" : {
      "startLocation" : {
        "latitudeE7" : -50634698,
        "longitudeE7" : -428213056
      },
      "endLocation" : {
        "latitudeE7" : -230082050,
        "longitudeE7" : -471375685
      },
      "duration" : {
        "startTimestampMs" : "1482983056016",
        "endTimestampMs" : "1482998644966"
      },
      "distance" : 2048456,
      "activityType" : "FLYING",
      "confidence" : "HIGH",
      "activities" : [ {
        "activityType" : "FLYING",
        "probability" : 96.79055324841167
      }, {
        "activityType" : "WALKING",
        "probability" : 2.062042759548594
      }, {
        "activityType" : "IN_PASSENGER_VEHICLE",
        "probability" : 1.0709520509389314
      } ],
      "editConfirmationStatus" : "NOT_CONFIRMED"
    }
  }, {
    "placeVisit" : {
      "location" : {
        "latitudeE7" : -230082050,
        "longitudeE7" : -471375685,
        "placeId" : "ChIJewTDRXTKyJQRo_JX2PeOpog",
        "address" : "Rodovia Santos Dumont, km 66 - Parque Viracopos\nCampinas - SP\n13055-900\nBrasil",
        "name" : "Viracopos International Airport",
        "sourceInfo" : {
          "deviceTag" : 742189892
        },
        "locationConfidence" : 99.99929
      },
      "duration" : {
        "startTimestampMs" : "1482998644966",
        "endTimestampMs" : "1483007814414"
      },
      "placeConfidence" : "HIGH_CONFIDENCE",
      "centerLatE7" : -230045463,
      "centerLngE7" : -471490885,
      "visitConfidence" : 65,
      "otherCandidateLocations" : [ {
        "latitudeE7" : -230088358,
        "longitudeE7" : -471482281,
        "placeId" : "ChIJ752dcPS1yJQR_66cbJVsQZ8",
        "name" : "Blue Airlines",
        "locationConfidence" : 2.307812E-4
      }, {
        "latitudeE7" : -230082999,
        "longitudeE7" : -471481331,
        "placeId" : "ChIJdztOq--1yJQRVuMVbgPlQ04",
        "name" : "Starbucks",
        "locationConfidence" : 1.4600309E-4
      }, {
        "latitudeE7" : -230057625,
        "longitudeE7" : -471448502,
        "placeId" : "ChIJTeiaFPC1yJQRKEH3GHgYxrs",
        "locationConfidence" : 1.2037942E-4
      }, {
        "latitudeE7" : -230072990,
        "longitudeE7" : -471491615,
        "placeId" : "ChIJy0RTbO-1yJQRHIz9mGi1GqI",
        "name" : "Napolitano Express",
        "locationConfidence" : 6.793317E-5
      }, {
        "latitudeE7" : -230079520,
        "longitudeE7" : -471494130,
        "placeId" : "ChIJdWZVifO1yJQR2dMqSs6h8MA",
        "name" : "Subway",
        "locationConfidence" : 5.6368684E-5
      }, {
        "latitudeE7" : -228936032,
        "longitudeE7" : -470493032,
        "placeId" : "ChIJlaiRrO-1yJQRlpAXdXDRNyA",
        "name" : "Confeitaria Romana",
        "locationConfidence" : 5.1430594E-5
      }, {
        "latitudeE7" : -230077800,
        "longitudeE7" : -471444480,
        "placeId" : "ChIJre3xifO1yJQRPyDtGcPCXcs",
        "name" : "FRETEBRASIL Serviços Logísticos e Soluções Fitossanitárias",
        "locationConfidence" : 2.5086545E-5
      }, {
        "latitudeE7" : -230078470,
        "longitudeE7" : -471429670,
        "placeId" : "ChIJgQvEA3TKyJQRmq_xxwTvE2U",
        "name" : "F W Transportes",
        "locationConfidence" : 5.8956102E-6
      }, {
        "latitudeE7" : -230100517,
        "longitudeE7" : -471407120,
        "placeId" : "ChIJtdJywPW1yJQRj9EVXD7KJy4",
        "name" : "Drogasil",
        "locationConfidence" : 3.098269E-6
      } ],
      "editConfirmationStatus" : "NOT_CONFIRMED",
      "simplifiedRawPath" : {
        "points" : [ {
          "latE7" : -230044613,
          "lngE7" : -471495411,
          "timestampMs" : "1483000115261",
          "accuracyMeters" : 25
        }, {
          "latE7" : -230044613,
          "lngE7" : -471495411,
          "timestampMs" : "1483000375538",
          "accuracyMeters" : 25
        }, {
          "latE7" : -230051402,
          "lngE7" : -471479017,
          "timestampMs" : "1483004702335",
          "accuracyMeters" : 20
        }, {
          "latE7" : -230051402,
          "lngE7" : -471479017,
          "timestampMs" : "1483005138956",
          "accuracyMeters" : 20
        }, {
          "latE7" : -230051402,
          "lngE7" : -471479017,
          "timestampMs" : "1483005199791",
          "accuracyMeters" : 19
        }, {
          "latE7" : -230047779,
          "lngE7" : -471488518,
          "timestampMs" : "1483006675483",
          "accuracyMeters" : 25
        } ]
      }
    }
  }, {
    "placeVisit" : {
      "location" : {
        "latitudeE7" : -275893578,
        "longitudeE7" : -484959409,
        "placeId" : "ChIJLUxwdN84J5URgAvw-MEIQcA",
        "address" : "R. Brejauna, 43 - Itacorubi\nFlorianópolis - SC\n88034-403\nBrasil",
        "name" : "Market St George",
        "sourceInfo" : {
          "deviceTag" : 742189892
        },
        "locationConfidence" : 92.23273
      },
      "duration" : {
        "startTimestampMs" : "1483092013697",
        "endTimestampMs" : "1483101000350"
      },
      "placeConfidence" : "HIGH_CONFIDENCE",
      "centerLatE7" : -275899055,
      "centerLngE7" : -484952891,
      "visitConfidence" : 73,
      "otherCandidateLocations" : [ {
        "latitudeE7" : -275914930,
        "longitudeE7" : -484935370,
        "placeId" : "ChIJhfTSzyY5J5URlazO-b98vM0",
        "name" : "Federação das Indústrias do Estado de Santa Catarina",
        "locationConfidence" : 1.5319347
      }, {
        "latitudeE7" : -275890053,
        "longitudeE7" : -484985446,
        "placeId" : "ChIJzYZleeA4J5URDtIC8AxokuM",
        "name" : "Celesc",
        "locationConfidence" : 0.74280065
      }, {
        "latitudeE7" : -275894350,
        "longitudeE7" : -484959482,
        "placeId" : "ChIJ3ZKBc984J5UR8MAF_vHxqNI",
        "name" : "Uma Origem Coffee",
        "locationConfidence" : 0.44717908
      }, {
        "latitudeE7" : -275903723,
        "longitudeE7" : -484936790,
        "placeId" : "ChIJ3_HHTCc5J5URV-96rxLizfw",
        "name" : "Massagens Terapêuticas e Estética.",
        "locationConfidence" : 0.38273925
      }, {
        "latitudeE7" : -275915147,
        "longitudeE7" : -484935423,
        "placeId" : "ChIJwRFcLCc5J5URtX6Nbl3jQK8",
        "name" : "FIESC",
        "locationConfidence" : 0.27072644
      }, {
        "latitudeE7" : -275893959,
        "longitudeE7" : -484959655,
        "placeId" : "ChIJESiZut84J5URyke6tIxRCQA",
        "name" : "Belverde",
        "locationConfidence" : 0.25350296
      }, {
        "latitudeE7" : -275901725,
        "longitudeE7" : -484937620,
        "placeId" : "ChIJnzD7piA5J5URzcnXgM5kiKU",
        "name" : "SUPERMINI STEINBACH",
        "locationConfidence" : 0.20860057
      }, {
        "latitudeE7" : -275893584,
        "longitudeE7" : -484957576,
        "placeId" : "ChIJAwY3ct84J5URgNSLh1QR0jE",
        "name" : "Flor e Cultura",
        "locationConfidence" : 0.20301214
      }, {
        "latitudeE7" : -275901771,
        "longitudeE7" : -484940926,
        "placeId" : "ChIJITe8pSA5J5UR2_sAcZiOoyE",
        "name" : "Posto Ipiranga",
        "locationConfidence" : 0.19733262
      } ],
      "editConfirmationStatus" : "NOT_CONFIRMED"
    }
  }, {
    "activitySegment" : {
      "startLocation" : {
        "latitudeE7" : -275893578,
        "longitudeE7" : -484959409
      },
      "endLocation" : {
        "latitudeE7" : -275479154,
        "longitudeE7" : -484977833
      },
      "duration" : {
        "startTimestampMs" : "1483101000350",
        "endTimestampMs" : "1483106413237"
      },
      "distance" : 20618,
      "activityType" : "IN_PASSENGER_VEHICLE",
      "confidence" : "MEDIUM",
      "activities" : [ {
        "activityType" : "IN_PASSENGER_VEHICLE",
        "probability" : 65.06234991200522
      }, {
        "activityType" : "WALKING",
        "probability" : 17.30173207710048
      }, {
        "activityType" : "MOTORCYCLING",
        "probability" : 6.71684562663199
      } ],
      "waypointPath" : {
        "waypoints" : [ {
          "latE7" : -275892105,
          "lngE7" : -484959182
        }, {
          "latE7" : -275477905,
          "lngE7" : -484967842
        } ]
      },
      "editConfirmationStatus" : "NOT_CONFIRMED"
    }
  }, {
    "placeVisit" : {
      "location" : {
        "latitudeE7" : -275479154,
        "longitudeE7" : -484977833,
        "placeId" : "ChIJ7--oAV5HJ5UR7IOEq60TD1s",
        "address" : "Rodovia\nSC-401, 3730 - Saco Grande\nFlorianópolis - SC\n88032-005\nBrasil",
        "name" : "SENAI Florianópolis (CTAI)",
        "sourceInfo" : {
          "deviceTag" : 742189892
        },
        "locationConfidence" : 25.424145
      },
      "duration" : {
        "startTimestampMs" : "1483106413237",
        "endTimestampMs" : "1483111801614"
      },
      "placeConfidence" : "MEDIUM_CONFIDENCE",
      "centerLatE7" : -275454550,
      "centerLngE7" : -485009800,
      "visitConfidence" : 26,
      "otherCandidateLocations" : [ {
        "latitudeE7" : -275464055,
        "longitudeE7" : -484988968,
        "placeId" : "ChIJl3yB3Y44J5URrAGGM0mRXA8",
        "name" : "ACM - Associação Catarinense de Medicina",
        "locationConfidence" : 20.607182
      }, {
        "latitudeE7" : -275480076,
        "longitudeE7" : -484982175,
        "placeId" : "ChIJ15IgAF5HJ5URzidZsaF0KQo",
        "name" : "Instituto SENAI de Tecnologia em Automação e TIC",
        "locationConfidence" : 12.920774
      }, {
        "latitudeE7" : -275474213,
        "longitudeE7" : -484998003,
        "placeId" : "ChIJ5WApQWdHJ5URKYGm8Fz0uLg",
        "name" : "Unicred",
        "locationConfidence" : 8.821834
      }, {
        "latitudeE7" : -275481742,
        "longitudeE7" : -484987241,
        "placeId" : "ChIJ_-C8U544J5URMgYRaTJHvYg",
        "name" : "SENAI CTAI - Instituto de Tecnologia, Faculdade e Escola Técnica SENAI em Automação e Informática",
        "locationConfidence" : 4.910874
      }, {
        "latitudeE7" : -275487889,
        "longitudeE7" : -484982701,
        "placeId" : "ChIJ56O7DJo4J5URR0K-OJl9qio",
        "name" : "Ford Dimas SC 401",
        "locationConfidence" : 4.0474377
      }, {
        "latitudeE7" : -275469958,
        "longitudeE7" : -484998749,
        "placeId" : "ChIJl3yB3Y44J5URv9fU-N3gb60",
        "name" : "Styllu’s Buffet",
        "locationConfidence" : 3.10669
      }, {
        "latitudeE7" : -275464030,
        "longitudeE7" : -484984086,
        "placeId" : "ChIJS2D1i11HJ5URAOioJ4sKG08",
        "name" : "Mister Van",
        "locationConfidence" : 2.4044998
      }, {
        "latitudeE7" : -275469357,
        "longitudeE7" : -485000276,
        "placeId" : "ChIJO7GmFGdHJ5URAoLVlrIvmXo",
        "name" : "CRM-SC",
        "locationConfidence" : 2.2895184
      }, {
        "latitudeE7" : -275449111,
        "longitudeE7" : -485002127,
        "placeId" : "ChIJrRG4Plw4J5URpljPp8zfUX4",
        "name" : "ACATE - Associação Catarinense de Empresas de Tecnologia",
        "locationConfidence" : 1.6230876
      } ],
      "editConfirmationStatus" : "NOT_CONFIRMED"
    }
  }, {
    "activitySegment" : {
      "startLocation" : {
        "latitudeE7" : -275479154,
        "longitudeE7" : -484977833
      },
      "endLocation" : {
        "latitudeE7" : -275848756,
        "longitudeE7" : -485449776
      },
      "duration" : {
        "startTimestampMs" : "1483111801614",
        "endTimestampMs" : "1483114196301"
      },
      "distance" : 29924,
      "activityType" : "IN_PASSENGER_VEHICLE",
      "confidence" : "MEDIUM",
      "activities" : [ {
        "activityType" : "IN_PASSENGER_VEHICLE",
        "probability" : 71.15148896973244
      }, {
        "activityType" : "WALKING",
        "probability" : 13.429458738519559
      }, {
        "activityType" : "MOTORCYCLING",
        "probability" : 7.6709009699258495
      } ],
      "waypointPath" : {
        "waypoints" : [ {
          "latE7" : -275477905,
          "lngE7" : -484967842
        }, {
          "latE7" : -275852718,
          "lngE7" : -485454483
        } ]
      },
      "editConfirmationStatus" : "NOT_CONFIRMED"
    }
  }, {
    "placeVisit" : {
      "location" : {
        "latitudeE7" : -275848756,
        "longitudeE7" : -485449776,
        "placeId" : "ChIJAxMtuRY4J5URsXRWzJtSUY4",
        "address" : "R. Bocaiúva, 2468 - Centro\nFlorianópolis - SC\n88015-902\nBrasil",
        "name" : "Beiramar Shopping",
        "sourceInfo" : {
          "deviceTag" : 742189892
        },
        "locationConfidence" : 50.025948
      },
      "duration" : {
        "startTimestampMs" : "1483114196301",
        "endTimestampMs" : "1483115262185"
      },
      "placeConfidence" : "LOW_CONFIDENCE",
      "childVisits" : [ {
        "location" : {
          "latitudeE7" : -275846770,
          "longitudeE7" : -485450540,
          "placeId" : "ChIJAxMtuRY4J5URiG3tBw9uvIo",
          "address" : "Rua Bocaiúva, 2468 - Centro, Florianópolis - Santa Catarina, 88015-902, Brasil",
          "name" : "Beiramar Shopping",
          "sourceInfo" : {
            "deviceTag" : 742189892
          },
          "locationConfidence" : 45.272427
        },
        "duration" : {
          "startTimestampMs" : "1483114196301",
          "endTimestampMs" : "1483115262185"
        },
        "placeConfidence" : "LOW_CONFIDENCE",
        "centerLatE7" : -275844900,
        "centerLngE7" : -485463867,
        "visitConfidence" : 15,
        "otherCandidateLocations" : [ {
          "latitudeE7" : -275848666,
          "longitudeE7" : -485447967,
          "placeId" : "ChIJAxMtuRY4J5URwRGMNUyo2SI",
          "name" : "Mundo Verde Shopping Beira Mar",
          "locationConfidence" : 16.095911
        }, {
          "latitudeE7" : -275849709,
          "longitudeE7" : -485460380,
          "placeId" : "ChIJD5Qo0RY4J5UR5NhC3WdsESc",
          "name" : "Blue Tree Towers Florianopolis Hotel",
          "locationConfidence" : 5.0983872
        }, {
          "latitudeE7" : -275846918,
          "longitudeE7" : -485465347,
          "placeId" : "ChIJ18nBVGBEJ5URdECjfswHxL4",
          "name" : "Macarronada Italiana",
          "locationConfidence" : 3.8536928
        }, {
          "latitudeE7" : -275843114,
          "longitudeE7" : -485459956,
          "placeId" : "ChIJxShRhPY3J5URNPg4ze_VwUQ",
          "name" : "Bradesco Private Bank",
          "locationConfidence" : 1.8558851
        }, {
          "latitudeE7" : -275832836,
          "longitudeE7" : -485444312,
          "placeId" : "ChIJffgvTxE4J5URNQGI-BtBcbI",
          "name" : "Majestic Palace Hotel",
          "locationConfidence" : 1.7646967
        }, {
          "latitudeE7" : -275842652,
          "longitudeE7" : -485460007,
          "placeId" : "ChIJcV_l1RA4J5URdPYGcu-Le14",
          "name" : "Banco Bradesco Beira Mar Norte-Ufl",
          "locationConfidence" : 1.6103649
        }, {
          "latitudeE7" : -275845491,
          "longitudeE7" : -485464355,
          "placeId" : "ChIJyf7n1BA4J5URQmx8o0gS93I",
          "name" : "Fresh Bowl Salads",
          "locationConfidence" : 1.5591918
        }, {
          "latitudeE7" : -275847441,
          "longitudeE7" : -485455253,
          "placeId" : "ChIJLez9zRY4J5URFbjNICAejVM",
          "name" : "Outback Steakhouse",
          "locationConfidence" : 1.5388354
        } ],
        "editConfirmationStatus" : "NOT_CONFIRMED"
      } ],
      "centerLatE7" : -275844900,
      "centerLngE7" : -485463867,
      "visitConfidence" : 15,
      "otherCandidateLocations" : [ {
        "latitudeE7" : -275846770,
        "longitudeE7" : -485450540,
        "placeId" : "ChIJAxMtuRY4J5URiG3tBw9uvIo",
        "name" : "Beiramar Shopping",
        "locationConfidence" : 22.624464
      }, {
        "latitudeE7" : -275848666,
        "longitudeE7" : -485447967,
        "placeId" : "ChIJAxMtuRY4J5URwRGMNUyo2SI",
        "name" : "Mundo Verde Shopping Beira Mar",
        "locationConfidence" : 8.043778
      }, {
        "latitudeE7" : -275849709,
        "longitudeE7" : -485460380,
        "placeId" : "ChIJD5Qo0RY4J5UR5NhC3WdsESc",
        "name" : "Blue Tree Towers Florianopolis Hotel",
        "locationConfidence" : 2.5478706
      }, {
        "latitudeE7" : -275846918,
        "longitudeE7" : -485465347,
        "placeId" : "ChIJ18nBVGBEJ5URdECjfswHxL4",
        "name" : "Macarronada Italiana",
        "locationConfidence" : 1.9258463
      }, {
        "latitudeE7" : -275843114,
        "longitudeE7" : -485459956,
        "placeId" : "ChIJxShRhPY3J5URNPg4ze_VwUQ",
        "name" : "Bradesco Private Bank",
        "locationConfidence" : 0.92746097
      }, {
        "latitudeE7" : -275832836,
        "longitudeE7" : -485444312,
        "placeId" : "ChIJffgvTxE4J5URNQGI-BtBcbI",
        "name" : "Majestic Palace Hotel",
        "locationConfidence" : 0.8818904
      }, {
        "latitudeE7" : -275842652,
        "longitudeE7" : -485460007,
        "placeId" : "ChIJcV_l1RA4J5URdPYGcu-Le14",
        "name" : "Banco Bradesco Beira Mar Norte-Ufl",
        "locationConfidence" : 0.80476457
      }, {
        "latitudeE7" : -275845491,
        "longitudeE7" : -485464355,
        "placeId" : "ChIJyf7n1BA4J5URQmx8o0gS93I",
        "name" : "Fresh Bowl Salads",
        "locationConfidence" : 0.7791913
      }, {
        "latitudeE7" : -275847441,
        "longitudeE7" : -485455253,
        "placeId" : "ChIJLez9zRY4J5URFbjNICAejVM",
        "name" : "Outback Steakhouse",
        "locationConfidence" : 0.7690184
      } ],
      "editConfirmationStatus" : "NOT_CONFIRMED"
    }
  }, {
    "activitySegment" : {
      "startLocation" : {
        "latitudeE7" : -275848756,
        "longitudeE7" : -485449776
      },
      "endLocation" : {
        "latitudeE7" : -275893578,
        "longitudeE7" : -484959409
      },
      "duration" : {
        "startTimestampMs" : "1483115262185",
        "endTimestampMs" : "1483119839052"
      },
      "distance" : 45263,
      "activityType" : "IN_PASSENGER_VEHICLE",
      "confidence" : "MEDIUM",
      "activities" : [ {
        "activityType" : "IN_PASSENGER_VEHICLE",
        "probability" : 65.27786939409268
      }, {
        "activityType" : "MOTORCYCLING",
        "probability" : 16.02795303613601
      }, {
        "activityType" : "WALKING",
        "probability" : 10.782660068296714
      } ],
      "waypointPath" : {
        "waypoints" : [ {
          "latE7" : -275852432,
          "lngE7" : -485454788
        }, {
          "latE7" : -275892105,
          "lngE7" : -484959182
        } ]
      },
      "editConfirmationStatus" : "NOT_CONFIRMED"
    }
  }, {
    "placeVisit" : {
      "location" : {
        "latitudeE7" : -275893578,
        "longitudeE7" : -484959409,
        "placeId" : "ChIJLUxwdN84J5URgAvw-MEIQcA",
        "address" : "R. Brejauna, 43 - Itacorubi\nFlorianópolis - SC\n88034-403\nBrasil",
        "name" : "Market St George",
        "sourceInfo" : {
          "deviceTag" : 742189892
        },
        "locationConfidence" : 86.170525
      },
      "duration" : {
        "startTimestampMs" : "1483119839052",
        "endTimestampMs" : "1483137727098"
      },
      "placeConfidence" : "MEDIUM_CONFIDENCE",
      "centerLatE7" : -275897861,
      "centerLngE7" : -484951047,
      "visitConfidence" : 78,
      "otherCandidateLocations" : [ {
        "latitudeE7" : -275903723,
        "longitudeE7" : -484936790,
        "placeId" : "ChIJ3_HHTCc5J5URV-96rxLizfw",
        "name" : "Massagens Terapêuticas e Estética.",
        "locationConfidence" : 1.3958418
      }, {
        "latitudeE7" : -275914930,
        "longitudeE7" : -484935370,
        "placeId" : "ChIJhfTSzyY5J5URlazO-b98vM0",
        "name" : "Federação das Indústrias do Estado de Santa Catarina",
        "locationConfidence" : 1.1900705
      }, {
        "latitudeE7" : -275894350,
        "longitudeE7" : -484959482,
        "placeId" : "ChIJ3ZKBc984J5UR8MAF_vHxqNI",
        "name" : "Uma Origem Coffee",
        "locationConfidence" : 0.8871313
      }, {
        "latitudeE7" : -275901771,
        "longitudeE7" : -484940926,
        "placeId" : "ChIJITe8pSA5J5UR2_sAcZiOoyE",
        "name" : "Posto Ipiranga",
        "locationConfidence" : 0.75509083
      }, {
        "latitudeE7" : -275896164,
        "longitudeE7" : -484949520,
        "placeId" : "ChIJyYKAWzE5J5URWExmhMX-b_o",
        "name" : "Visualtour Hotel e Empr Turisticos",
        "locationConfidence" : 0.7483795
      }, {
        "latitudeE7" : -275902199,
        "longitudeE7" : -484944360,
        "placeId" : "ChIJz8EUXB82J5URqmInFKpkCsk",
        "name" : "UNIBENS IMOVEIS - Negócios Imobiliários - Florianópolis e Rio de Janeiro.",
        "locationConfidence" : 0.58306456
      }, {
        "latitudeE7" : -275901725,
        "longitudeE7" : -484937620,
        "placeId" : "ChIJnzD7piA5J5URzcnXgM5kiKU",
        "name" : "SUPERMINI STEINBACH",
        "locationConfidence" : 0.4988996
      }, {
        "latitudeE7" : -275915147,
        "longitudeE7" : -484935423,
        "placeId" : "ChIJwRFcLCc5J5URtX6Nbl3jQK8",
        "name" : "FIESC",
        "locationConfidence" : 0.4487185
      }, {
        "latitudeE7" : -275896603,
        "longitudeE7" : -484945186,
        "placeId" : "ChIJv5Ddw904J5URT7qoU8fJ1p0",
        "name" : "Investimoveis Gestão de Negócios Imobiliários",
        "locationConfidence" : 0.37307566
      } ],
      "editConfirmationStatus" : "NOT_CONFIRMED"
    }
  }, {
    "activitySegment" : {
      "startLocation" : {
        "latitudeE7" : -275893578,
        "longitudeE7" : -484959409
      },
      "endLocation" : {
        "latitudeE7" : -275893578,
        "longitudeE7" : -484959409
      },
      "duration" : {
        "startTimestampMs" : "1483137727098",
        "endTimestampMs" : "1483142400000"
      },
      "distance" : 147597,
      "activityType" : "IN_PASSENGER_VEHICLE",
      "confidence" : "MEDIUM",
      "activities" : [ {
        "activityType" : "IN_PASSENGER_VEHICLE",
        "probability" : 61.99463703962699
      }, {
        "activityType" : "WALKING",
        "probability" : 14.086215870920551
      }, {
        "activityType" : "IN_BUS",
        "probability" : 8.323348059069053
      } ],
      "editConfirmationStatus" : "NOT_CONFIRMED"
    }
  }, {
    "activitySegment" : {
      "startLocation" : {
        "latitudeE7" : -275893578,
        "longitudeE7" : -484959409
      },
      "endLocation" : {
        "latitudeE7" : -275898326,
        "longitudeE7" : -484954261
      },
      "duration" : {
        "startTimestampMs" : "1483142400000",
        "endTimestampMs" : "1483151890147"
      },
      "activityType" : "UNKNOWN_ACTIVITY_TYPE",
      "activities" : [ {
        "activityType" : "UNKNOWN_ACTIVITY_TYPE",
        "probability" : 0.0
      } ],
      "simplifiedRawPath" : {
        "points" : [ {
          "latE7" : -275895004,
          "lngE7" : -484914263,
          "timestampMs" : "1483150511837",
          "accuracyMeters" : 151
        }, {
          "latE7" : -275897256,
          "lngE7" : -484918836,
          "timestampMs" : "1483150543000",
          "accuracyMeters" : 11
        } ]
      }
    }
  }, {
    "placeVisit" : {
      "location" : {
        "latitudeE7" : -275893578,
        "longitudeE7" : -484959409,
        "placeId" : "ChIJLUxwdN84J5URgAvw-MEIQcA",
        "address" : "R. Brejauna, 43 - Itacorubi\nFlorianópolis - SC\n88034-403\nBrasil",
        "name" : "Market St George",
        "sourceInfo" : {
          "deviceTag" : 742189892
        },
        "locationConfidence" : 77.40742
      },
      "duration" : {
        "startTimestampMs" : "1483151890147",
        "endTimestampMs" : "1483185235561"
      },
      "placeConfidence" : "MEDIUM_CONFIDENCE",
      "centerLatE7" : -275898326,
      "centerLngE7" : -484954261,
      "visitConfidence" : 71,
      "otherCandidateLocations" : [ {
        "latitudeE7" : -275896164,
        "longitudeE7" : -484949520,
        "placeId" : "ChIJyYKAWzE5J5URWExmhMX-b_o",
        "name" : "Visualtour Hotel e Empr Turisticos",
        "locationConfidence" : 3.1693978
      }, {
        "latitudeE7" : -275914930,
        "longitudeE7" : -484935370,
        "placeId" : "ChIJhfTSzyY5J5URlazO-b98vM0",
        "name" : "Federação das Indústrias do Estado de Santa Catarina",
        "locationConfidence" : 3.0094159
      }, {
        "latitudeE7" : -275896603,
        "longitudeE7" : -484945186,
        "placeId" : "ChIJv5Ddw904J5URT7qoU8fJ1p0",
        "name" : "Investimoveis Gestão de Negócios Imobiliários",
        "locationConfidence" : 2.1227348
      }, {
        "latitudeE7" : -275894350,
        "longitudeE7" : -484959482,
        "placeId" : "ChIJ3ZKBc984J5UR8MAF_vHxqNI",
        "name" : "Uma Origem Coffee",
        "locationConfidence" : 1.5616517
      }, {
        "latitudeE7" : -275902199,
        "longitudeE7" : -484944360,
        "placeId" : "ChIJz8EUXB82J5URqmInFKpkCsk",
        "name" : "UNIBENS IMOVEIS - Negócios Imobiliários - Florianópolis e Rio de Janeiro.",
        "locationConfidence" : 1.5366576
      }, {
        "latitudeE7" : -275884137,
        "longitudeE7" : -484956293,
        "placeId" : "ChIJT3GB-944J5URblTTRrEA1iA",
        "name" : "Plaza Victoria",
        "locationConfidence" : 1.1137934
      }, {
        "latitudeE7" : -275903723,
        "longitudeE7" : -484936790,
        "placeId" : "ChIJ3_HHTCc5J5URV-96rxLizfw",
        "name" : "Massagens Terapêuticas e Estética.",
        "locationConfidence" : 0.86482966
      }, {
        "latitudeE7" : -275901771,
        "longitudeE7" : -484940926,
        "placeId" : "ChIJITe8pSA5J5UR2_sAcZiOoyE",
        "name" : "Posto Ipiranga",
        "locationConfidence" : 0.74984485
      }, {
        "latitudeE7" : -275896164,
        "longitudeE7" : -484949521,
        "placeId" : "ChIJBfWLXd84J5UREFVQscfVPiY",
        "name" : "Green Hell",
        "locationConfidence" : 0.7055531
      } ],
      "editConfirmationStatus" : "NOT_CONFIRMED"
    }
  }, {
    "activitySegment" : {
      "startLocation" : {
        "latitudeE7" : -275893578,
        "longitudeE7" : -484959409
      },
      "endLocation" : {
        "latitudeE7" : -275972466,
        "longitudeE7" : -485530047
      },
      "duration" : {
        "startTimestampMs" : "1483185235561",
        "endTimestampMs" : "1483188266919"
      },
      "distance" : 5691,
      "activityType" : "IN_PASSENGER_VEHICLE",
      "confidence" : "MEDIUM",
      "activities" : [ {
        "activityType" : "IN_PASSENGER_VEHICLE",
        "probability" : 62.60082006588692
      }, {
        "activityType" : "WALKING",
        "probability" : 18.33511857063378
      }, {
        "activityType" : "MOTORCYCLING",
        "probability" : 8.29116730358364
      } ],
      "waypointPath" : {
        "waypoints" : [ {
          "latE7" : -275892105,
          "lngE7" : -484959182
        }, {
          "latE7" : -275971202,
          "lngE7" : -485532150
        } ]
      },
      "editConfirmationStatus" : "NOT_CONFIRMED"
    }
  }, {
    "placeVisit" : {
      "location" : {
        "latitudeE7" : -275972466,
        "longitudeE7" : -485530047,
        "placeId" : "ChIJKQXXEyQ4J5URmhxOBg8l7QU",
        "address" : "R. Jerônimo Coelho, 60 - Centro\nFlorianópolis - SC\n88010-030\nBrasil",
        "name" : "Mercado Público de Florianópolis",
        "sourceInfo" : {
          "deviceTag" : 742189892
        },
        "locationConfidence" : 98.8734
      },
      "duration" : {
        "startTimestampMs" : "1483188266919",
        "endTimestampMs" : "1483189193109"
      },
      "placeConfidence" : "HIGH_CONFIDENCE",
      "centerLatE7" : -275973850,
      "centerLngE7" : -485531150,
      "visitConfidence" : 73,
      "otherCandidateLocations" : [ {
        "latitudeE7" : -275970959,
        "longitudeE7" : -485535809,
        "placeId" : "ChIJUdTDVSE4J5URLIu0_moCcBE",
        "name" : "Camelódromo Municipal",
        "locationConfidence" : 0.104423024
      }, {
        "latitudeE7" : -275968309,
        "longitudeE7" : -485530760,
        "placeId" : "ChIJvUyXCCQ4J5URlEIo10aF_tg",
        "name" : "Centro Florianópolis",
        "locationConfidence" : 0.09527116
      }, {
        "latitudeE7" : -275974709,
        "longitudeE7" : -485526033,
        "placeId" : "ChIJa2PlFCQ4J5URCxf6yBPq_10",
        "name" : "Churrasquim",
        "locationConfidence" : 0.08541435
      }, {
        "latitudeE7" : -275973620,
        "longitudeE7" : -485531240,
        "placeId" : "ChIJF3yeVzs4J5URUAQ_xnF-G18",
        "name" : "Box 32",
        "locationConfidence" : 0.07891347
      }, {
        "latitudeE7" : -275974480,
        "longitudeE7" : -485528820,
        "placeId" : "ChIJKZN4dSQ4J5URbTXp3ADXGKY",
        "name" : "Central Pesca e Camping",
        "locationConfidence" : 0.071911916
      }, {
        "latitudeE7" : -275986676,
        "longitudeE7" : -485536579,
        "placeId" : "ChIJmy5eqCY4J5URMD32CdBSaO4",
        "name" : "Terminal de Integração do Centro",
        "locationConfidence" : 0.06332487
      }, {
        "latitudeE7" : -275966000,
        "longitudeE7" : -485549140,
        "placeId" : "ChIJ2-8ARiE4J5URnOD7mzp0ZQA",
        "name" : "Florianópolis",
        "locationConfidence" : 0.058427412
      }, {
        "latitudeE7" : -275970389,
        "longitudeE7" : -485529365,
        "placeId" : "ChIJielWDiQ4J5URbALlrVBD27A",
        "name" : "Rafael Chocolataria",
        "locationConfidence" : 0.044005517
      }, {
        "latitudeE7" : -275972920,
        "longitudeE7" : -485527840,
        "placeId" : "ChIJxQE2DyQ4J5UROoJhCQLEI1Q",
        "name" : "Grigório Gelateria",
        "locationConfidence" : 0.040964637
      } ],
      "editConfirmationStatus" : "NOT_CONFIRMED"
    }
  }, {
    "activitySegment" : {
      "startLocation" : {
        "latitudeE7" : -275972466,
        "longitudeE7" : -485530047
      },
      "endLocation" : {
        "latitudeE7" : -275893578,
        "longitudeE7" : -484959409
      },
      "duration" : {
        "startTimestampMs" : "1483189193109",
        "endTimestampMs" : "1483197082968"
      },
      "distance" : 5691,
      "activityType" : "IN_PASSENGER_VEHICLE",
      "confidence" : "LOW",
      "activities" : [ {
        "activityType" : "IN_PASSENGER_VEHICLE",
        "probability" : 52.02925888334142
      }, {
        "activityType" : "WALKING",
        "probability" : 24.386122857825328
      }, {
        "activityType" : "MOTORCYCLING",
        "probability" : 11.86583490447978
      } ],
      "waypointPath" : {
        "waypoints" : [ {
          "latE7" : -275971202,
          "lngE7" : -485532150
        }, {
          "latE7" : -275892105,
          "lngE7" : -484959182
        } ]
      },
      "editConfirmationStatus" : "NOT_CONFIRMED"
    }
  }, {
    "placeVisit" : {
      "location" : {
        "latitudeE7" : -275893578,
        "longitudeE7" : -484959409,
        "placeId" : "ChIJLUxwdN84J5URgAvw-MEIQcA",
        "address" : "R. Brejauna, 43 - Itacorubi\nFlorianópolis - SC\n88034-403\nBrasil",
        "name" : "Market St George",
        "sourceInfo" : {
          "deviceTag" : 742189892
        },
        "locationConfidence" : 90.79259
      },
      "duration" : {
        "startTimestampMs" : "1483197082968",
        "endTimestampMs" : "1483203792965"
      },
      "placeConfidence" : "HIGH_CONFIDENCE",
      "centerLatE7" : -275897321,
      "centerLngE7" : -484954404,
      "visitConfidence" : 71,
      "otherCandidateLocations" : [ {
        "latitudeE7" : -275903723,
        "longitudeE7" : -484936790,
        "placeId" : "ChIJ3_HHTCc5J5URV-96rxLizfw",
        "name" : "Massagens Terapêuticas e Estética.",
        "locationConfidence" : 0.9146024
      }, {
        "latitudeE7" : -275914930,
        "longitudeE7" : -484935370,
        "placeId" : "ChIJhfTSzyY5J5URlazO-b98vM0",
        "name" : "Federação das Indústrias do Estado de Santa Catarina",
        "locationConfidence" : 0.7310867
      }, {
        "latitudeE7" : -275901725,
        "longitudeE7" : -484937620,
        "placeId" : "ChIJnzD7piA5J5URzcnXgM5kiKU",
        "name" : "SUPERMINI STEINBACH",
        "locationConfidence" : 0.53593856
      }, {
        "latitudeE7" : -275901771,
        "longitudeE7" : -484940926,
        "placeId" : "ChIJITe8pSA5J5UR2_sAcZiOoyE",
        "name" : "Posto Ipiranga",
        "locationConfidence" : 0.53019553
      }, {
        "latitudeE7" : -275896164,
        "longitudeE7" : -484949520,
        "placeId" : "ChIJyYKAWzE5J5URWExmhMX-b_o",
        "name" : "Visualtour Hotel e Empr Turisticos",
        "locationConfidence" : 0.3915801
      }, {
        "latitudeE7" : -275894350,
        "longitudeE7" : -484959482,
        "placeId" : "ChIJ3ZKBc984J5UR8MAF_vHxqNI",
        "name" : "Uma Origem Coffee",
        "locationConfidence" : 0.37973848
      }, {
        "latitudeE7" : -275893584,
        "longitudeE7" : -484957576,
        "placeId" : "ChIJAwY3ct84J5URgNSLh1QR0jE",
        "name" : "Flor e Cultura",
        "locationConfidence" : 0.3327577
      }, {
        "latitudeE7" : -275902199,
        "longitudeE7" : -484944360,
        "placeId" : "ChIJz8EUXB82J5URqmInFKpkCsk",
        "name" : "UNIBENS IMOVEIS - Negócios Imobiliários - Florianópolis e Rio de Janeiro.",
        "locationConfidence" : 0.3248248
      }, {
        "latitudeE7" : -275899661,
        "longitudeE7" : -484939531,
        "placeId" : "ChIJHUEGWd84J5URbsFqMEysZIo",
        "name" : "Darê Chocolatier",
        "locationConfidence" : 0.29757896
      } ],
      "editConfirmationStatus" : "NOT_CONFIRMED"
    }
  }, {
    "activitySegment" : {
      "startLocation" : {
        "latitudeE7" : -275897321,
        "longitudeE7" : -484954404
      },
      "endLocation" : {
        "latitudeE7" : -275899115,
        "longitudeE7" : -484954255
      },
      "duration" : {
        "startTimestampMs" : "1483203792965",
        "endTimestampMs" : "1483217675171"
      },
      "activityType" : "UNKNOWN_ACTIVITY_TYPE",
      "activities" : [ {
        "activityType" : "UNKNOWN_ACTIVITY_TYPE",
        "probability" : 0.0
      } ],
      "simplifiedRawPath" : {
        "points" : [ {
          "latE7" : -275901372,
          "lngE7" : -484920916,
          "timestampMs" : "1483217619400",
          "accuracyMeters" : 25
        } ]
      }
    }
  }, {
    "placeVisit" : {
      "location" : {
        "latitudeE7" : -275893147,
        "longitudeE7" : -484958118,
        "placeId" : "ChIJLUxwdN84J5URgAvw-MEIQcA",
        "address" : "R. Brejauna, 43 - Itacorubi\nFlorianópolis - SC\n88034-403\nBrasil",
        "name" : "Market St George",
        "sourceInfo" : {
          "deviceTag" : 742189892
        },
        "locationConfidence" : 56.834682
      },
      "duration" : {
        "startTimestampMs" : "1483217675171",
        "endTimestampMs" : "1483285691012"
      },
      "placeConfidence" : "MEDIUM_CONFIDENCE",
      "centerLatE7" : -275899115,
      "centerLngE7" : -484954255,
      "visitConfidence" : 92,
      "otherCandidateLocations" : [ {
        "latitudeE7" : -275914930,
        "longitudeE7" : -484935370,
        "placeId" : "ChIJhfTSzyY5J5URlazO-b98vM0",
        "name" : "Federation of Industries of Santa Catarina",
        "locationConfidence" : 6.6651473
      }, {
        "latitudeE7" : -275896164,
        "longitudeE7" : -484949520,
        "placeId" : "ChIJyYKAWzE5J5URWExmhMX-b_o",
        "locationConfidence" : 3.900688
      }, {
        "latitudeE7" : -276005524,
        "longitudeE7" : -486091831,
        "placeId" : "ChIJz8EUXB82J5URqmInFKpkCsk",
        "name" : "UNIBENS - Negócios Imobiliários",
        "locationConfidence" : 3.3850877
      }, {
        "latitudeE7" : -275884137,
        "longitudeE7" : -484956293,
        "placeId" : "ChIJT3GB-944J5URblTTRrEA1iA",
        "name" : "Plaza Victoria",
        "locationConfidence" : 2.479895
      }, {
        "latitudeE7" : -275896164,
        "longitudeE7" : -484949521,
        "placeId" : "ChIJBfWLXd84J5UREFVQscfVPiY",
        "locationConfidence" : 2.265034
      }, {
        "latitudeE7" : -275894350,
        "longitudeE7" : -484959482,
        "placeId" : "ChIJ3ZKBc984J5UR8MAF_vHxqNI",
        "name" : "Uma Origem Coffee",
        "locationConfidence" : 1.9451547
      }, {
        "latitudeE7" : -275901725,
        "longitudeE7" : -484937620,
        "placeId" : "ChIJnzD7piA5J5URzcnXgM5kiKU",
        "name" : "SUPERMINI STEINBACH",
        "locationConfidence" : 1.9306726
      }, {
        "latitudeE7" : -275896603,
        "longitudeE7" : -484945186,
        "placeId" : "ChIJv5Ddw904J5URT7qoU8fJ1p0",
        "locationConfidence" : 1.9156145
      }, {
        "latitudeE7" : -275900440,
        "longitudeE7" : -484958219,
        "placeId" : "ChIJyXdwfN84J5UR7X94hR2kgbQ",
        "locationConfidence" : 1.3471421
      } ],
      "editConfirmationStatus" : "NOT_CONFIRMED"
    }
  } ]
}